Organization Name,Category,City,Address,Phone,Email,Website,Target Group,Main Services,Latitude,Longitude,Notes
Niagara Falls Innovation Hub,Innovation Hub / Incubator,Niagara Falls,"4551 Zimmerman Ave, Niagara Falls, ON L2E 3M5",289-650-1770,dbordenave@nfinnovationhub.ca,https://nfinnovationhub.ca,"Entrepreneurs, startups, women-led businesses (all genders welcome)","Incubator space, business basics, investor readiness, makerspace, library, programming, networking",43.0896,-79.0849,Main contact: CEO Dan Bordenave (dbordenave@nfinnovationhub.ca).
Niagara Business & Innovation Fund (NBIF),Funding Organization,Niagara Falls,"4551 Zimmerman Avenue, Niagara Falls, ON L2E 3M5",,davies@niagarafund.com,https://niagarafund.com,"Entrepreneurs, startups","Funding information, startup visa info, support services and programs",43.0896,-79.0849,Contact via email; corporate office at Zimmerman Ave.
Innovate Niagara,Business Support / Advisory,St. Catharines,"386 St. Paul Street, Suite 102, St. Catharines, ON L2R 3N2",905-685-3460,,https://www.innovateniagara.com/,Entrepreneurs and small businesses (including women-led),"Advisory services, programs, client intake, next-step planning",43.1594,-79.2469,No fee to become a client.
Niagara Falls Small Business Enterprise Centre (SBEC) – City of Niagara Falls,Municipal Business Support,Niagara Falls,"4310 Queen St (City Hall – 2nd Floor), Niagara Falls, ON L2E 6X5",905-356-7521 ext 5130,smallbusinessoffice@niagarafalls.ca,https://niagarafalls.ca,Small businesses and startups,"Free consultations, business plan support, licensing/registration guidance, workshops",43.0896,-79.0849,Part of Ontario SBEC network.
Business Development Department – City of Niagara Falls,Municipal Economic Development,Niagara Falls,"4310 Queen Street, Niagara Falls, ON L2E 6X5",905-356-7521,bdd@niagarafalls.ca,https://niagarafalls.ca,Businesses operating or expanding in Niagara Falls,"Economic development support, small business support, city programs and guidance",43.0896,-79.0849,General contact for business development department.
Greater Niagara Chamber of Commerce (GNCC),Chamber of Commerce,St. Catharines,"80 King Street, Unit 3, St. Catharines, ON L2R 7G1",905-684-2361,info@gncc.ca,https://gncc.ca,"Business owners, SMEs (incl. women entrepreneurs)","Networking, advocacy, business resources, councils (including Women in Niagara)",43.1594,-79.2469,Includes councils such as Women in Niagara and NEXTNiagara.
Niagara Board of Trade and Commerce (NBOTAC),Chamber of Commerce,Thorold,"PO Box 20011, Thorold, ON L2V 5B3",289-438-2546,info@nbotac.com,https://nbotac.com,Businesses and entrepreneurs,"Member resources, networking events, advocacy, business community support",43.1236,-79.1994,Mailing address; contact via phone/email.
South Niagara Chambers of Commerce (Fort Erie / Niagara Falls / Welland-Pelham / Port Colborne-Wainfleet),Chamber of Commerce,Niagara Falls,"4056 Dorchester Rd, Niagara Falls, ON L2E 6M9",905-871-3803,admin@forteriechamber.com,https://forteriechamber.com,Businesses and entrepreneurs across South Niagara,"Networking, directory, events, chamber partnership support",43.0896,-79.0849,Multi-chamber partnership using the Dorchester Rd office.
EmpowHER Niagara,Women Network / Support Org,Niagara Region,"Niagara Region, ON (Office)",289-302-5696,empowherniagara@gmail.com,https://empowherniagara.com/,Women in business,"Women-in-business network, events, community support, connection and celebration",43.105,-79.08,Assistance hours by appointment.
Niagara Women’s Enterprise Centre (NWEC),Women Support Org,Welland,"41 Victoria St., Welland, ON L3B 4L7",,,https://www.nwec.ca/,"Women (employment, entrepreneurship, training, wellness)","Entrepreneurship support, training programs, wellness programming, individualized support",42.9922,-79.2484,Grassroots women’s training organization.
Start Me Up Niagara – Work Action Centre,Employment Support / Entrepreneurship,St. Catharines,"211 Church St, St. Catharines, ON L2R 3E8",289-438-3939,,https://www.startmeupniagara.ca/site/employment-services,"Job seekers, employers, entrepreneurs (inclusive supports)","Employment supports, entrepreneurship supports, community programming",43.1594,-79.2469,Also operates Resource Centre at 203 Church St.
Start Me Up Niagara – Resource Centre,Community Support,St. Catharines,"203 Church St, St. Catharines, ON L2R 3E8",905-984-5310,,https://www.startmeupniagara.ca/site/resource-centre,Community members needing support (inclusive),"Resource supports, referrals, community programming",43.1594,-79.2469,Closed for lunch 12:00–12:30.
Accel North Coworking,Coworking Space,St. Catharines,"110 James St, St. Catharines, ON L2R 7E8",289-974-6947,hello@accelnorth.com,https://accelnorth.com,"Founders, small teams, remote professionals","Coworking desks, private offices, entrepreneurial community, tours and memberships",43.1594,-79.2469,Flexible work space solutions.
Haven Workspace,Coworking Space,Niagara-on-the-Lake,"242 Mary St, Unit 8, Niagara-on-the-Lake, ON",289-272-5333,info@havenworkspace.ca,https://havenworkspace.ca,"Remote professionals, creatives, founders","Coworking memberships, mentorship programs, meeting rooms, virtual office",43.2557,-79.071,Free coworking Wednesdays (seasonal promo).
Thorold Cowork,Coworking Space,Thorold,"2 Front Street North, Thorold, ON L2V 1X4",289-690-9136,thoroldcowork@gmail.com,https://www.thoroldcowork.com/,"Creative professionals, remote workers, small businesses","Private offices, shared workstations, boardroom access, business address",43.1236,-79.1994,Accessible main floor; near transit hub.
"Regus – Niagara Falls (Multiple locations, example: 39 Queen St)",Coworking Space,St. Catharines,"39 Queen St, 3rd Floor, St Catharines, ON L2R 5G6",647-560-7020,,https://www.regus.com/en/ca/coworking?gclsrc=aw.ds&&cust_source=google&cust_medium=cpc&cust_source_platform=GOOGLE&cust_campaign=CA+%3E+EN+%3E+SM+%3E+Brand+Product+%3E+2025_T_&cust_adgroup=Brand+Coworking&cust_term=regus+coworking&gad_source=1&gad_campaignid=23349464822&gbraid=0AAAAADiBhGkLbArBnwB9-fNO3_z8nwILV&gclid=CjwKCAiA-sXMBhAOEiwAGGw6LDaS_Kn8_8bZHtkSB8yd_QB32SjuMXU1yliJcv4qyWL60dwbfVZGfRoCQRsQAvD_BwE,Teams and individuals needing flexible workspace,"Coworking desks, private offices, meeting rooms, virtual office plans",43.1594,-79.2469,Commercial provider; multiple Niagara Falls area listings.
211 Ontario (Community and Social Services Navigation),Community Support,Ontario (Online),Ontario-wide service (Dial 2-1-1),211 / 1-877-330-3213,gethelp@211ontario.ca,https://211ontario.ca,Residents seeking social services and community programs,"24/7 referrals to social services, programs, community supports; multilingual support",45.4215,-75.6972,Also offers text and live chat options.
Niagara Peninsula Homes (NPH) – Non-profit housing support,Community Support,Welland,"41 Victoria St., Welland, ON L3B 4L7",905-788-0166,babaker@nphcr.ca,https://nphcr.ca,Community members needing housing supports,Non-profit housing resources and supports,42.9922,-79.2484,Executive Director contact provided.
Women Entrepreneurship Strategy (Government of Canada),Federal Women Funding,Canada-wide (Online),Government of Canada program (online),,,https://wbecanada.ca/business/canada-government-women-entrepreneurship-strategy-2018/?gad_source=1&gad_campaignid=22984354493&gbraid=0AAAAACUjQjLnG8uTrJfRjOhG2WXhpNvtr&gclid=CjwKCAiA-sXMBhAOEiwAGGw6LGNio3pRDhHExqdQt52neMG96fH7tN6KEJhZ3OJAC9hRV0u_1ikwuBoCxMsQAvD_BwE,Women entrepreneurs,"Funding, mentorship, training and growth supports through partner organizations",45.4215,-75.6972,Federal initiative supporting women-owned businesses across Canada.
Business Development Bank of Canada (BDC),Federal Funding,Canada-wide (Online),Canada-wide services (online/in-person),,,https://www.bdc.ca/en,Entrepreneurs and SMEs,Financing and advisory services to start or grow a business,45.4215,-75.6972,Use BDC tools and programs relevant to SMEs.
Futurpreneur Canada,Federal Youth Funding,Canada-wide (Online),Canada-wide services (online),,,https://futurpreneur.ca/en/,Young entrepreneurs,Loans and mentorship for young entrepreneurs starting a business,45.4215,-75.6972,Canada-wide program.
Export Development Canada (EDC),Federal Export Support,Canada-wide (Online),Canada-wide services (online),,,https://www.edc.ca/,Exporting businesses,"Financial solutions, advisory services, trade insights and export support",45.4215,-75.6972,Useful for scaling women-led businesses into export markets.
Trade Commissioner Service (TCS),Federal Export Support,Canada-wide (Online),Canada-wide services (online/international),,,https://agriculture.canada.ca/en/international-trade/services-agri-food-exporters/trade-commissioner-service,Export-ready businesses,"Export advice, introductions, funding programs, trade events support",45.4215,-75.6972,Global presence; helps businesses do international trade.
Canada Small Business Financing Program,Federal Funding,Canada-wide (Online),Federal program (online),,,https://www.scotiabank.com/ca/en/commercial-banking.html?cid=ps_aw_COM_Commercial-NON-BRANDED_1_MF_1_BNS-26-0120-COM_1125_CBB&gad_source=1&gad_campaignid=11808853654&gbraid=0AAAAAB6ZWkfAZ0NjDtT-DonrlRUOipOP6&gclid=CjwKCAiA-sXMBhAOEiwAGGw6LHs2qh3CufJpf5IosZyz7vONNQDDslOF8iv9MAZoJLDG4zQiXDVG5xoCTR8QAvD_BwE,Small businesses,"Loans for equipment, leasehold improvements and other eligible expenses",45.4215,-75.6972,Delivered through financial institutions.
BizPaL (Permits & Licences Finder),Federal Business Tool,Canada-wide (Online),Online tool,,,https://bizpal.ca/,New and existing businesses,Find permits and licences required for your business,45.4215,-75.6972,Helpful during early business setup.
Business Benefits Finder (Government of Canada),Federal Business Tool,Canada-wide (Online),Online tool,,,https://innovation.ised-isde.canada.ca/s/group-groupe?language=en_CA&token=a0BOG00000FEdFN2A1,Entrepreneurs and businesses,Find funding and support programs tailored to your situation,45.4215,-75.6972,Answer questions to discover program matches.
The Prosperity Project – Rosie Mentorship Program,Women Mentorship,Canada-wide (Online),Virtual (Canada-wide),,mentoring@canadianprosperityproject.ca,https://canadianprosperityproject.ca,Women focused on career advancement,"Barrier-free 6-month one-to-one mentorship; matching, onboarding resources, networking",45.4215,-75.6972,Applications run in cohorts.
Brock University – Faculty of Social Sciences (Contacts),Education / Research Support,St. Catharines,"Scotiabank Hall, 1812 Sir Isaac Brock Way, St. Catharines, ON L2S 3A1",905-688-5550,dean.socsci@brocku.ca,https://brocku.ca,"Researchers, students, community partners","Academic contacts, research collaboration, community partnership potential",43.1594,-79.2469,Useful for research-informed ecosystem projects.
Niagara Women's Enterprise Centre (NWEC),Women Entrepreneurship / Training,Welland,"41 Victoria St., Welland, ON L3B 4L7",,,https://www.nwec.ca/,"Women (employment, entrepreneurship, training, wellness)","Women’s entrepreneurship support, training, wellness programs, 1:1 and group programs",42.9922,-79.2484,Added from your pasted details. Coordinates are approximate (city-centre).
Greater Niagara Chamber of Commerce (Women in Niagara Council),Chamber of Commerce,St. Catharines,"80 King Street, Unit 3, St. Catharines, ON L2R 7G1",905-684-2361,info@gncc.ca,https://gncc.ca,Businesses and entrepreneurs (incl. women-led businesses),"Business networking, advocacy, councils (Women in Niagara), events, member supports",43.1594,-79.2469,Coordinates are approximate (city-centre).
Niagara Board of Trade & Commerce (NBOTAC),Chamber of Commerce,Thorold,"PO Box 20011, Thorold, ON L2V 5B3",289-438-2546,info@nbotac.com,https://nbotac.com,"Local businesses, entrepreneurs, startups","Membership support, advocacy, networking events, member resources",43.1236,-79.1994,Mailing address. Coordinates are approximate (city-centre).
South Niagara Chambers of Commerce (Partnership),Chamber of Commerce,Niagara Falls,"4056 Dorchester Rd, Niagara Falls, ON L2E 6M9",905-871-3803,admin@forteriechamber.com,https://forteriechamber.com,"Businesses (Fort Erie, Niagara Falls, Port Colborne-Wainfleet, Welland/Pelham)","Business networking, directory, events, chamber support across South Niagara",43.0896,-79.0849,Coordinates are approximate (city-centre).
Start Me Up Niagara,Community Organization / Employment Support,St. Catharines,"203 Church St. (Resource Centre) & 211 Church St. (Work Action Centre), St. Catharines, ON L2R 3E8",(905) 984-5310 / (289) 438-3939,,https://www.startmeupniagara.ca/site/home,"Community members, job seekers, entrepreneurs needing wraparound support","Resource centre support, employment services via Work Action Centre, referrals",43.1594,-79.2469,Coordinates are approximate (city-centre).
211 Ontario,Community Navigation / Referrals,Ontario (Online),Dial 2-1-1 (Ontario-wide),2-1-1 / 1-877-330-3213,gethelp@211ontario.ca,https://211ontario.ca,Anyone needing social services and community programs (including entrepreneurs),"24/7 helpline, referrals to community supports (150+ languages), live chat and email",45.4215,-75.6972,Province-wide service. Coordinates pinned to Ottawa for map visibility.
Niagara Peninsula Homes (NPH),Community Organization / Housing Support,Welland,"41 Victoria St., Welland, ON L3B 4L7",(905) 788-0166 / 1-800-565-1274,babaker@nphcr.ca,https://nphcr.ca,Community members needing housing support (stability supports entrepreneurship),"Non-profit housing supports, referrals, community-based services",42.9922,-79.2484,Coordinates are approximate (city-centre).
Accel North (Coworking),Coworking Space,St. Catharines,"110 James St, St. Catharines, ON L2R 7E8",289-974-6947,hello@accelnorth.com,https://accelnorth.com,"Founders, startups, remote professionals","Coworking desks, private offices, flexible memberships, community events",43.1594,-79.2469,Coordinates are approximate (city-centre).
Regus (St. Catharines – 39 Queen St),Coworking Space,St. Catharines,"39 Queen St, 3rd Floor, St. Catharines, ON L2R 5G6",+1 647-560-7020,,https://www.regus.com/en/ca/coworking?gclsrc=aw.ds&&cust_source=google&cust_medium=cpc&cust_source_platform=GOOGLE&cust_campaign=CA+%3E+EN+%3E+SM+%3E+Brand+Product+%3E+2025_T_&cust_adgroup=Brand+Coworking&cust_term=regus+coworking&gad_source=1&gad_campaignid=23349464822&gbraid=0AAAAADiBhGkLbArBnwB9-fNO3_z8nwILV&gclid=CjwKCAiA-sXMBhAOEiwAGGw6LAYwhT65t81gCUlDrF6JgtWG_C4Lk5UNsZF0bdq0ZUt0Y7Rq12PHMRoCUUUQAvD_BwE,Businesses and professionals needing flexible workspace,"Coworking, private offices, meeting rooms, virtual office plans",43.1594,-79.2469,Coordinates are approximate (city-centre).
Small Business Enterprise Centre Network (Ontario),Provincial Small Business Support,Ontario (Online),Ontario-wide network (search by city),,,https://smeclimatehub.org/food-and-beverage-manufacturing/?utm_source=google&utm_medium=cpc&utm_campaign=food+and+beverage&gad_source=1&gad_campaignid=23077925746&gbraid=0AAAABBjpf2Pc_FI5XKajxve509Oe6M7ky&gclid=CjwKCAiA-sXMBhAOEiwAGGw6LJA3u1aVtK8tOZjQxQ1Ajj_p_JJRLCH1m4uiMEEmP3rR7F5alF_2IhoCPW0QAvD_BwE,Ontario entrepreneurs and small businesses,"Consultations, business planning, workshops, referrals (local SBEC offices)",43.6532,-79.3832,Ontario-wide. Coordinates pinned to Toronto.
Starter Company Plus (Ontario),Provincial Funding / Training,Ontario (Online),Delivered through local Small Business Enterprise Centres,,,https://www.ontario.ca/page/starter-company-plus,Ontario entrepreneurs (varies by region; often includes women entrepreneurs),"Training, mentoring, possible grant support (availability varies by SBEC)",43.6532,-79.3832,Check local SBEC for eligibility. Coordinates pinned to Toronto.
Women Entrepreneurship Strategy (Government of Canada),Federal Women Funding,Canada (Online),Canada-wide,,,https://ised-isde.canada.ca/site/ised/en/programs-and-initiatives/women-entrepreneurship-strategy,Women entrepreneurs across Canada,Funding and support ecosystem for women entrepreneurs via partner organizations,45.4215,-75.6972,Federal program (online). Coordinates pinned to Ottawa.
Business Development Bank of Canada (BDC),Federal Funding / Loans,Canada (Online),Canada-wide,,,https://www.vaneck.com/us/en/investments/bdc-income-etf-bizd/overview/?utm_source=google&utm_medium=cpc&utm_campaign=bizd_search_us&gad_source=1&gad_campaignid=22329956806&gbraid=0AAAAADLo2ewvXxBgl4_RXvzAVTJ-EW9kl&gclid=CjwKCAiA-sXMBhAOEiwAGGw6LCOEatAN1SSuXsqVGWpWC4vw735WZoCOHrjeCR43of3ckkWZeNC-xRoCJ6kQAvD_BwE,Entrepreneurs and small-to-medium businesses,"Financing/loans, advisory services, growth support for entrepreneurs",45.4215,-75.6972,Loans/financing included (requirement #2). Coordinates pinned to Ottawa.
Canada Small Business Financing Program (CSBFP),Federal Loans / Financing,Canada (Online),Canada-wide (delivered via financial institutions),,,https://ised-isde.canada.ca/site/canada-small-business-financing-program/en,Small businesses needing financing for equipment/leasehold improvements,Loan program delivered through participating lenders (banks/credit unions),45.4215,-75.6972,Loan program (requirement #2). Coordinates pinned to Ottawa.
Futurpreneur Canada,Federal Youth Funding / Mentorship,Canada (Online),Canada-wide,,,https://ised-isde.canada.ca/site/audits-evaluations/en/evaluation/evaluation-futurpreneur-canada-2024,Young entrepreneurs (and women/youth founders),Startup financing + mentorship for young entrepreneurs,45.4215,-75.6972,Includes mentorship + financing. Coordinates pinned to Ottawa.
Export Development Canada (EDC),Federal Export Support,Canada (Online),Canada-wide,,,https://www.edc.ca/,Businesses exporting or planning to export,"Export financing/insurance, market insights, trade support",45.4215,-75.6972,Useful for growth/expansion (requirement #1/#2). Coordinates pinned to Ottawa.
Trade Commissioner Service (TCS),Federal Export Support,Canada (Online),Canada-wide (global network),,,https://www.tradecommissioner.gc.ca/en.html,Businesses expanding into global markets,"Export advisory, introductions, funding/accelerators, trade event support",45.4215,-75.6972,Useful for scaling women-led businesses. Coordinates pinned to Ottawa.
BizPaL (Permits & Licences Finder),Federal/Provincial Tool,Canada (Online),Online tool,,,https://services.bizpal-perle.ca/?b=11,New businesses needing permits and licences,Find permits and licences required by location and business type,45.4215,-75.6972,Helpful for startup compliance. Coordinates pinned to Ottawa.
Women Entrepreneurship Knowledge Hub (WEKH),Federal Women Support / Research Hub,Canada (Online),Canada-wide (online),,,https://wekh.ca/,"Women entrepreneurs, researchers, support organizations","Resources, insights, research, support networks for women entrepreneurs",45.4215,-75.6972,Good for evidence-based resources for your capstone. Coordinates pinned to Ottawa.
Rosie Mentorship Program (The Prosperity Project),Mentorship (Women),Canada (Online),Canada-wide (virtual mentorship),,mentoring@canadianprosperityproject.ca,https://canadianprosperityproject.ca,Women (including newcomers) seeking career advancement,"Barrier-free 6-month 1:1 mentorship, networking and support resources",45.4215,-75.6972,Explicit newcomer relevance noted in program testimonials. Coordinates pinned to Ottawa.
